,accuracy,precision,recall,f1_score,roc_auc
XGBoost,0.7672222222222222,0.3404255319148936,0.7282463186077643,0.46396588486140716,0.827107268532544
LightGBM,0.8151851851851852,0.38642533936651585,0.571619812583668,0.46112311015118795,0.8270779226944314
CatBoost,0.7575925925925926,0.33451118963486454,0.7603748326639893,0.46462167689161554,0.8318132476895187
RandomForest,0.8261111111111111,0.3918918918918919,0.46586345381526106,0.4256880733944954,0.8289733185913652
LogisticRegression,0.7466666666666667,0.3285477636664826,0.7965194109772423,0.4652071931196247,0.8403034014415711
SVM,0.8655555555555555,0.5853658536585366,0.0963855421686747,0.16551724137931034,0.8336010421800389
